timestamp,username,ip_address,status
2025-01-01 08:00:00,fatima,10.10.10.10,0
2025-01-01 08:00:51,sara,10.0.0.5,1
2025-01-01 08:01:44,aya,172.16.0.4,1
2025-01-01 08:02:38,mehdi,203.0.113.11,1
2025-01-01 08:03:29,aya,172.16.0.4,1
2025-01-01 08:04:32,hamza,10.0.0.5,0
2025-01-01 08:05:22,sara,203.0.113.11,1
2025-01-01 08:06:00,salma,172.20.1.5,0
2025-01-01 08:06:39,soufiane,10.10.10.10,1
2025-01-01 08:07:49,sara,172.16.0.3,1
2025-01-01 08:08:05,fatima,192.168.1.11,1
2025-01-01 08:09:18,nour,172.16.0.3,1
2025-01-01 08:10:37,fatima,192.168.50.21,0
2025-01-01 08:11:57,mohamed,203.0.113.11,1
2025-01-01 08:13:03,imane,10.10.10.10,0
2025-01-01 08:14:06,fatima,192.168.50.20,1
2025-01-01 08:14:27,soufiane,91.240.118.12,0
2025-01-01 08:15:35,ikram,185.220.101.1,0
2025-01-01 08:16:23,ikram,198.51.100.66,0
2025-01-01 08:16:54,anas,10.10.10.10,0
2025-01-01 08:17:11,salma,203.0.113.11,1
2025-01-01 08:17:51,nour,10.10.10.11,1
2025-01-01 08:18:37,fatima,203.0.113.11,0
2025-01-01 08:18:55,nour,203.0.113.10,1
2025-01-01 08:19:11,hajar,192.168.1.11,1
2025-01-01 08:20:05,nour,172.20.1.5,1
2025-01-01 08:21:29,amine,10.0.0.5,1
2025-01-01 08:22:56,ikram,203.0.113.10,1
2025-01-01 08:23:27,soufiane,185.220.101.1,0
2025-01-01 08:24:55,kawtar,10.0.0.8,1
2025-01-01 08:26:20,mohamed,192.168.1.11,1
2025-01-01 08:27:10,imane,10.10.10.10,1
2025-01-01 08:28:10,ikram,198.51.100.66,0
2025-01-01 08:29:25,hajar,203.0.113.10,1
2025-01-01 08:30:22,mohamed,172.20.1.5,1
2025-01-01 08:31:03,youssef,192.168.1.10,0
2025-01-01 08:32:15,ikram,203.0.113.11,1
2025-01-01 08:32:50,nour,10.10.10.10,0
2025-01-01 08:33:31,nour,192.168.50.21,0
2025-01-01 08:33:46,nour,172.20.1.5,0
2025-01-01 08:34:53,karim,203.0.113.11,1
2025-01-01 08:35:30,anas,10.0.0.5,1
2025-01-01 08:36:53,hajar,185.220.101.1,0
2025-01-01 08:37:30,ikram,91.240.118.12,0
2025-01-01 08:38:07,salma,172.20.1.5,0
2025-01-01 08:39:33,hamza,192.168.1.11,0
2025-01-01 08:40:42,salma,192.168.50.20,0
2025-01-01 08:41:28,imane,172.20.1.5,0
2025-01-01 08:42:33,mehdi,203.0.113.10,1
2025-01-01 08:43:16,ayoub,172.16.0.4,1
2025-01-01 08:44:13,fatima,185.220.101.1,0
2025-01-01 08:45:42,hamza,192.168.1.10,1
2025-01-01 08:47:11,ikram,103.21.244.5,0
2025-01-01 08:48:02,anas,172.16.0.4,1
2025-01-01 08:48:50,karim,10.0.0.5,1
2025-01-01 08:49:45,salma,203.0.113.10,0
2025-01-01 08:50:40,aya,172.16.0.4,1
2025-01-01 08:51:40,sara,172.16.0.4,0
2025-01-01 08:52:12,mehdi,203.0.113.10,1
2025-01-01 08:52:31,hajar,192.168.50.21,0
2025-01-01 08:53:56,fatima,192.168.50.21,0
2025-01-01 08:55:08,fatima,10.0.0.8,1
2025-01-01 08:56:20,ikram,172.16.0.3,1
2025-01-01 08:56:51,mohamed,10.10.10.10,0
2025-01-01 08:57:29,ikram,103.21.244.5,0
2025-01-01 08:58:32,youssef,172.16.0.4,1
2025-01-01 08:59:19,hajar,91.240.118.12,0
2025-01-01 09:00:15,fatima,103.21.244.5,0
2025-01-01 09:01:17,ayoub,192.168.1.11,1
2025-01-01 09:01:51,salma,203.0.113.10,1
2025-01-01 09:02:57,hamza,10.0.0.8,1
2025-01-01 09:03:14,mohamed,172.16.0.3,1
2025-01-01 09:04:41,fatima,10.0.0.5,1
2025-01-01 09:05:11,nour,10.10.10.10,1
2025-01-01 09:05:43,soufiane,198.51.100.66,0
2025-01-01 09:06:26,mohamed,203.0.113.11,1
2025-01-01 09:07:09,salma,172.16.0.3,1
2025-01-01 09:07:58,soufiane,10.10.10.10,0
2025-01-01 09:09:07,ayoub,203.0.113.11,1
2025-01-01 09:09:25,hamza,91.240.118.12,0
2025-01-01 09:10:34,youssef,10.0.0.8,1
2025-01-01 09:10:56,nour,10.0.0.8,1
2025-01-01 09:12:26,soufiane,192.168.1.11,1
2025-01-01 09:12:51,soufiane,91.240.118.12,0
2025-01-01 09:13:20,mohamed,10.10.10.10,1
2025-01-01 09:14:14,imane,10.0.0.8,0
2025-01-01 09:15:12,ikram,185.220.101.1,0
2025-01-01 09:15:36,nour,10.10.10.10,0
2025-01-01 09:16:50,imane,10.0.0.8,1
2025-01-01 09:18:01,mohamed,203.0.113.10,0
2025-01-01 09:18:46,hamza,198.51.100.66,0
2025-01-01 09:19:30,hajar,10.10.10.11,0
2025-01-01 09:20:43,mehdi,192.168.1.10,1
2025-01-01 09:21:41,imane,203.0.113.11,1
2025-01-01 09:22:00,fatima,203.0.113.10,1
2025-01-01 09:22:31,hajar,103.21.244.5,0
2025-01-01 09:23:01,imane,10.0.0.5,1
2025-01-01 09:23:20,imane,203.0.113.10,1
2025-01-01 09:23:47,soufiane,192.168.50.20,0
2025-01-01 09:24:26,salma,172.16.0.4,1
2025-01-01 09:24:46,mohamed,10.10.10.10,1
2025-01-01 09:25:49,hajar,103.21.244.5,0
2025-01-01 09:26:42,imane,172.16.0.4,1
2025-01-01 09:28:10,kawtar,192.168.1.11,0
2025-01-01 09:29:22,nour,10.10.10.10,0
2025-01-01 09:29:55,hajar,203.0.113.10,0
2025-01-01 09:30:25,fatima,203.0.113.11,0
2025-01-01 09:31:06,salma,192.168.1.10,1
2025-01-01 09:31:41,hajar,198.51.100.66,0
2025-01-01 09:32:23,soufiane,185.220.101.1,0
2025-01-01 09:33:36,ahmed,172.16.0.4,1
2025-01-01 09:34:39,anas,10.0.0.8,1
2025-01-01 09:35:00,ahmed,203.0.113.10,1
2025-01-01 09:35:15,hajar,185.220.101.1,0
2025-01-01 09:35:58,ayoub,203.0.113.11,1
2025-01-01 09:36:19,hajar,103.21.244.5,0
2025-01-01 09:37:19,fatima,91.240.118.12,0
2025-01-01 09:38:00,aya,203.0.113.10,1
2025-01-01 09:38:29,kawtar,172.16.0.4,1
2025-01-01 09:39:00,soufiane,185.220.101.1,0
2025-01-01 09:40:23,ikram,203.0.113.10,1
2025-01-01 09:41:53,youssef,203.0.113.10,1
2025-01-01 09:42:22,sara,172.16.0.4,1
2025-01-01 09:43:48,anas,203.0.113.11,1
2025-01-01 09:44:36,fatima,192.168.50.21,0
2025-01-01 09:45:46,ikram,91.240.118.12,0
2025-01-01 09:46:17,fatima,203.0.113.10,1
2025-01-01 09:46:55,hamza,198.51.100.66,0
2025-01-01 09:47:40,anas,10.0.0.8,1
2025-01-01 09:48:08,hamza,10.10.10.10,0
2025-01-01 09:49:14,salma,192.168.50.21,1
2025-01-01 09:49:35,fatima,185.220.101.1,0
2025-01-01 09:49:50,soufiane,172.16.0.3,1
2025-01-01 09:51:00,salma,172.20.1.5,0
2025-01-01 09:51:56,fatima,91.240.118.12,0
2025-01-01 09:52:24,soufiane,103.21.244.5,0
2025-01-01 09:53:02,ahmed,10.0.0.8,1
2025-01-01 09:54:24,imane,192.168.50.21,0
2025-01-01 09:54:43,anas,10.10.10.11,1
2025-01-01 09:56:01,hajar,10.0.0.5,1
2025-01-01 09:56:55,salma,10.0.0.5,0
2025-01-01 09:57:28,hajar,192.168.1.11,1
2025-01-01 09:58:09,mehdi,203.0.113.10,0
2025-01-01 09:58:32,fatima,45.33.32.156,0
2025-01-01 09:58:59,fatima,172.16.0.4,1
2025-01-01 10:00:17,sara,192.168.1.10,1
2025-01-01 10:00:53,soufiane,203.0.113.11,1
2025-01-01 10:01:51,omar,192.168.1.10,1
2025-01-01 10:03:04,kawtar,10.0.0.8,1
2025-01-01 10:03:28,hajar,203.0.113.10,1
2025-01-01 10:04:23,hajar,103.21.244.5,0
2025-01-01 10:04:38,ikram,185.220.101.1,0
2025-01-01 10:05:46,hamza,10.0.0.8,1
2025-01-01 10:06:14,hamza,10.10.10.11,0
2025-01-01 10:06:38,ikram,198.51.100.66,0
2025-01-01 10:07:07,hajar,103.21.244.5,0
2025-01-01 10:07:28,sara,172.16.0.3,0
2025-01-01 10:07:53,amine,203.0.113.11,0
2025-01-01 10:08:41,soufiane,103.21.244.5,0
2025-01-01 10:09:04,fatima,45.33.32.156,0
2025-01-01 10:09:29,amine,10.0.0.5,1
2025-01-01 10:10:03,anas,10.0.0.8,1
2025-01-01 10:11:31,soufiane,10.10.10.11,0
2025-01-01 10:12:10,hamza,10.10.10.11,0
2025-01-01 10:12:35,youssef,10.0.0.8,1
2025-01-01 10:13:04,salma,192.168.1.11,1
2025-01-01 10:13:55,fatima,192.168.50.20,0
2025-01-01 10:14:29,ikram,10.10.10.10,0
2025-01-01 10:15:53,fatima,45.33.32.156,0
2025-01-01 10:16:33,ikram,91.240.118.12,0
2025-01-01 10:16:51,aya,192.168.1.11,0
2025-01-01 10:18:09,ikram,91.240.118.12,0
2025-01-01 10:18:38,hajar,172.16.0.4,1
2025-01-01 10:19:49,youssef,10.0.0.8,0
2025-01-01 10:20:09,mohamed,172.16.0.4,1
2025-01-01 10:21:20,mohamed,192.168.50.21,1
2025-01-01 10:22:44,mohamed,172.16.0.3,0
2025-01-01 10:23:01,nour,10.0.0.8,0
2025-01-01 10:23:54,ayoub,192.168.1.11,1
2025-01-01 10:25:23,hajar,91.240.118.12,0
2025-01-01 10:25:50,salma,203.0.113.11,1
2025-01-01 10:26:43,hajar,198.51.100.66,0
2025-01-01 10:27:17,mehdi,203.0.113.11,1
2025-01-01 10:28:37,sara,10.0.0.8,1
2025-01-01 10:29:23,sara,192.168.1.10,1
2025-01-01 10:30:45,hamza,185.220.101.1,0
2025-01-01 10:31:01,fatima,103.21.244.5,0
2025-01-01 10:31:16,ikram,185.220.101.1,0
2025-01-01 10:31:48,youssef,203.0.113.11,0
2025-01-01 10:32:44,soufiane,45.33.32.156,0
2025-01-01 10:33:03,salma,172.16.0.3,0
2025-01-01 10:34:19,sara,172.16.0.3,0
2025-01-01 10:35:06,hajar,45.33.32.156,0
2025-01-01 10:35:58,mohamed,203.0.113.10,1
2025-01-01 10:37:09,kawtar,10.0.0.8,1
2025-01-01 10:38:38,imane,10.10.10.11,0
2025-01-01 10:40:06,hajar,192.168.50.20,0
2025-01-01 10:40:26,aya,192.168.1.11,0
2025-01-01 10:41:09,soufiane,198.51.100.66,0
2025-01-01 10:42:23,ayoub,172.16.0.4,1
2025-01-01 10:42:51,hajar,91.240.118.12,0
2025-01-01 10:43:36,hamza,10.10.10.10,0
2025-01-01 10:44:40,hamza,10.0.0.8,1
2025-01-01 10:45:53,hamza,103.21.244.5,0
2025-01-01 10:46:08,imane,10.0.0.8,1
2025-01-01 10:46:29,hamza,185.220.101.1,0
2025-01-01 10:47:06,fatima,103.21.244.5,0
2025-01-01 10:47:54,fatima,91.240.118.12,0
2025-01-01 10:48:40,hamza,45.33.32.156,0
2025-01-01 10:49:01,fatima,185.220.101.1,0
2025-01-01 10:50:24,salma,192.168.50.21,1
2025-01-01 10:51:28,sara,172.16.0.4,1
2025-01-01 10:52:42,amine,203.0.113.11,1
2025-01-01 10:52:57,hamza,10.10.10.10,0
2025-01-01 10:54:25,mohamed,172.16.0.4,1
2025-01-01 10:55:21,salma,172.20.1.5,1
2025-01-01 10:55:54,imane,192.168.1.10,1
2025-01-01 10:56:34,ayoub,203.0.113.10,0
2025-01-01 10:57:49,nour,172.20.1.5,0
2025-01-01 10:59:00,hamza,91.240.118.12,0
2025-01-01 10:59:50,ayoub,172.16.0.4,0
2025-01-01 11:01:19,hamza,45.33.32.156,0
2025-01-01 11:02:47,sara,203.0.113.10,1
2025-01-01 11:03:29,nour,10.0.0.8,1
2025-01-01 11:04:35,hamza,91.240.118.12,0
2025-01-01 11:05:35,omar,192.168.1.11,1
2025-01-01 11:06:30,mohamed,192.168.1.10,1
2025-01-01 11:07:07,mohamed,10.0.0.5,1
2025-01-01 11:08:06,fatima,192.168.1.10,1
2025-01-01 11:09:07,imane,172.16.0.3,0
2025-01-01 11:10:29,hamza,45.33.32.156,0
2025-01-01 11:10:47,sara,10.0.0.8,0
2025-01-01 11:11:43,hamza,45.33.32.156,0
2025-01-01 11:12:08,anas,10.0.0.5,1
2025-01-01 11:13:05,fatima,10.0.0.8,1
2025-01-01 11:14:05,mohamed,10.10.10.11,0
2025-01-01 11:15:12,hajar,192.168.1.11,1
2025-01-01 11:15:36,imane,192.168.1.10,1
2025-01-01 11:15:52,aya,172.16.0.4,1
2025-01-01 11:16:33,fatima,192.168.50.21,1
2025-01-01 11:17:07,nour,203.0.113.11,1
2025-01-01 11:17:34,hamza,185.220.101.1,0
2025-01-01 11:18:26,hajar,203.0.113.10,1
2025-01-01 11:19:40,salma,192.168.50.20,0
2025-01-01 11:20:19,imane,192.168.50.20,0
2025-01-01 11:21:26,youssef,203.0.113.10,0
2025-01-01 11:21:57,soufiane,10.0.0.5,1
2025-01-01 11:22:30,soufiane,185.220.101.1,0
2025-01-01 11:23:19,anas,172.16.0.4,1
2025-01-01 11:24:20,soufiane,192.168.50.21,0
2025-01-01 11:24:54,hajar,103.21.244.5,0
2025-01-01 11:25:39,soufiane,198.51.100.66,0
2025-01-01 11:26:13,soufiane,192.168.1.11,1
2025-01-01 11:27:34,mehdi,192.168.1.10,1
2025-01-01 11:28:15,ikram,10.10.10.11,0
2025-01-01 11:29:22,aya,10.0.0.8,1
2025-01-01 11:30:43,karim,192.168.1.10,0
2025-01-01 11:31:51,fatima,192.168.1.10,1
2025-01-01 11:32:14,hamza,103.21.244.5,0
2025-01-01 11:32:39,nour,10.0.0.8,1
2025-01-01 11:32:56,hajar,172.20.1.5,0
2025-01-01 11:34:15,hamza,91.240.118.12,0
2025-01-01 11:34:57,ikram,172.20.1.5,0
2025-01-01 11:35:18,soufiane,91.240.118.12,0
2025-01-01 11:35:34,hajar,10.0.0.8,0
2025-01-01 11:36:12,amine,172.16.0.3,1
2025-01-01 11:37:09,fatima,198.51.100.66,0
2025-01-01 11:38:03,hajar,10.10.10.11,0
2025-01-01 11:38:49,hamza,10.0.0.5,1
2025-01-01 11:40:02,ikram,10.10.10.11,1
2025-01-01 11:40:45,hajar,185.220.101.1,0
2025-01-01 11:41:40,kawtar,172.16.0.3,1
2025-01-01 11:42:17,youssef,203.0.113.11,1
2025-01-01 11:43:26,hajar,45.33.32.156,0
2025-01-01 11:43:56,soufiane,192.168.50.21,0
2025-01-01 11:44:48,mehdi,203.0.113.10,1
2025-01-01 11:45:13,ayoub,192.168.1.10,1
2025-01-01 11:46:24,hajar,198.51.100.66,0
2025-01-01 11:46:48,ahmed,203.0.113.10,0
2025-01-01 11:47:08,mehdi,172.16.0.4,1
2025-01-01 11:47:48,soufiane,45.33.32.156,0
2025-01-01 11:49:14,soufiane,10.0.0.8,1
2025-01-01 11:49:37,hajar,91.240.118.12,0
2025-01-01 11:50:19,hamza,185.220.101.1,0
2025-01-01 11:50:38,hajar,172.16.0.3,1
2025-01-01 11:52:03,anas,192.168.1.10,1
2025-01-01 11:53:17,ikram,185.220.101.1,0
2025-01-01 11:54:25,hamza,198.51.100.66,0
2025-01-01 11:55:29,sara,10.0.0.8,0
2025-01-01 11:55:54,mehdi,203.0.113.10,1
2025-01-01 11:56:18,fatima,10.0.0.5,1
2025-01-01 11:57:03,hajar,10.10.10.11,1
2025-01-01 11:58:16,sara,10.0.0.5,0
2025-01-01 11:58:37,omar,203.0.113.10,1
2025-01-01 11:59:22,karim,10.0.0.8,0
2025-01-01 12:00:01,ayoub,192.168.1.10,1
2025-01-01 12:01:24,amine,203.0.113.10,0
2025-01-01 12:02:13,ayoub,172.16.0.3,1
2025-01-01 12:03:10,ahmed,10.0.0.8,1
2025-01-01 12:03:59,imane,203.0.113.10,1
2025-01-01 12:04:21,youssef,192.168.1.10,1
2025-01-01 12:04:43,hamza,91.240.118.12,0
2025-01-01 12:05:48,ahmed,203.0.113.11,1
2025-01-01 12:07:18,soufiane,192.168.50.21,0
2025-01-01 12:07:33,fatima,185.220.101.1,0
2025-01-01 12:08:35,hajar,185.220.101.1,0
2025-01-01 12:09:24,ahmed,10.0.0.8,1
2025-01-01 12:10:24,hajar,198.51.100.66,0
2025-01-01 12:11:42,soufiane,172.20.1.5,1
2025-01-01 12:13:03,anas,192.168.50.21,0
2025-01-01 12:14:01,imane,10.0.0.5,1
2025-01-01 12:15:27,ikram,10.10.10.11,0
2025-01-01 12:15:47,nour,192.168.1.10,0
2025-01-01 12:16:37,anas,10.0.0.5,1
2025-01-01 12:16:58,ahmed,10.0.0.5,0
2025-01-01 12:18:21,amine,172.16.0.3,0
2025-01-01 12:18:44,nour,10.10.10.11,0
2025-01-01 12:20:09,hamza,185.220.101.1,0
2025-01-01 12:20:57,ikram,198.51.100.66,0
2025-01-01 12:22:16,youssef,192.168.1.10,1
2025-01-01 12:23:08,ikram,91.240.118.12,0
2025-01-01 12:24:25,karim,203.0.113.10,0
2025-01-01 12:25:33,fatima,10.10.10.11,1
2025-01-01 12:26:37,youssef,172.16.0.3,0
2025-01-01 12:27:40,ahmed,203.0.113.10,1
2025-01-01 12:27:57,hajar,192.168.50.20,0
2025-01-01 12:29:02,ikram,185.220.101.1,0
2025-01-01 12:30:10,hamza,10.0.0.5,0
2025-01-01 12:31:02,ikram,198.51.100.66,0
2025-01-01 12:32:16,hajar,91.240.118.12,0
2025-01-01 12:33:21,salma,203.0.113.10,1
2025-01-01 12:33:58,hamza,192.168.50.21,0
2025-01-01 12:34:50,ikram,91.240.118.12,0
2025-01-01 12:35:12,hajar,91.240.118.12,0
2025-01-01 12:35:47,mehdi,203.0.113.10,1
2025-01-01 12:36:55,salma,172.20.1.5,0
2025-01-01 12:37:26,aya,172.16.0.3,1
2025-01-01 12:38:08,hajar,203.0.113.10,1
2025-01-01 12:38:34,hamza,192.168.1.10,1
2025-01-01 12:38:53,kawtar,10.0.0.5,1
2025-01-01 12:40:01,mohamed,192.168.50.21,1
2025-01-01 12:40:42,imane,10.0.0.5,1
2025-01-01 12:41:49,salma,192.168.1.10,1
2025-01-01 12:42:05,soufiane,103.21.244.5,0
2025-01-01 12:42:58,ikram,192.168.50.20,1
2025-01-01 12:44:02,anas,10.0.0.5,0
2025-01-01 12:44:34,fatima,103.21.244.5,0
2025-01-01 12:45:54,soufiane,10.10.10.10,0
2025-01-01 12:46:27,nour,192.168.1.10,1
2025-01-01 12:46:54,fatima,45.33.32.156,0
2025-01-01 12:47:44,hamza,10.10.10.10,0
2025-01-01 12:49:14,nour,192.168.50.20,0
2025-01-01 12:50:35,mohamed,192.168.1.11,0
2025-01-01 12:51:55,soufiane,203.0.113.11,1
2025-01-01 12:53:21,salma,192.168.1.10,1
2025-01-01 12:54:37,amine,192.168.1.11,0
2025-01-01 12:55:18,salma,192.168.50.20,0
2025-01-01 12:56:46,soufiane,185.220.101.1,0
2025-01-01 12:58:09,karim,10.0.0.8,1
2025-01-01 12:58:56,kawtar,172.16.0.3,1
2025-01-01 12:59:15,mohamed,172.16.0.3,1
2025-01-01 13:00:21,soufiane,172.20.1.5,0
2025-01-01 13:01:47,aya,10.0.0.5,1
2025-01-01 13:03:05,karim,192.168.1.10,1
2025-01-01 13:04:26,soufiane,203.0.113.11,1
2025-01-01 13:05:55,fatima,192.168.50.20,0
2025-01-01 13:06:35,ayoub,172.16.0.4,1
2025-01-01 13:07:12,ikram,45.33.32.156,0
2025-01-01 13:07:38,hamza,103.21.244.5,0
2025-01-01 13:08:42,anas,10.0.0.8,1
2025-01-01 13:10:11,salma,10.10.10.10,0
2025-01-01 13:10:26,nour,192.168.1.10,1
2025-01-01 13:11:20,ayoub,10.0.0.5,0
2025-01-01 13:12:08,hajar,172.16.0.3,1
2025-01-01 13:13:36,hajar,203.0.113.11,1
2025-01-01 13:14:35,imane,203.0.113.10,1
2025-01-01 13:15:49,hajar,192.168.50.20,0
2025-01-01 13:17:01,aya,10.0.0.8,1
2025-01-01 13:17:57,hajar,192.168.1.11,1
2025-01-01 13:18:53,ayoub,192.168.1.11,1
2025-01-01 13:19:58,hamza,103.21.244.5,0
2025-01-01 13:20:25,nour,10.0.0.8,0
2025-01-01 13:20:50,sara,10.0.0.8,0
2025-01-01 13:22:10,ayoub,10.0.0.5,1
2025-01-01 13:22:35,amine,192.168.1.10,1
2025-01-01 13:23:24,ikram,172.20.1.5,0
2025-01-01 13:24:42,mohamed,192.168.1.10,1
2025-01-01 13:25:12,karim,203.0.113.11,1
2025-01-01 13:25:31,ayoub,172.16.0.4,1
2025-01-01 13:26:12,omar,203.0.113.10,1
2025-01-01 13:27:30,fatima,45.33.32.156,0
2025-01-01 13:28:42,anas,10.10.10.11,1
2025-01-01 13:29:32,ikram,45.33.32.156,0
2025-01-01 13:30:00,sara,203.0.113.10,1
2025-01-01 13:31:17,kawtar,203.0.113.10,1
2025-01-01 13:32:44,hajar,198.51.100.66,0
2025-01-01 13:33:02,hamza,198.51.100.66,0
2025-01-01 13:33:53,mohamed,172.16.0.4,0
2025-01-01 13:34:14,ikram,192.168.50.21,1
2025-01-01 13:34:57,nour,10.0.0.5,1
2025-01-01 13:35:26,hamza,10.10.10.10,0
2025-01-01 13:36:35,kawtar,192.168.1.10,1
2025-01-01 13:37:16,anas,203.0.113.10,1
2025-01-01 13:38:02,ikram,91.240.118.12,0
2025-01-01 13:38:35,imane,203.0.113.11,1
2025-01-01 13:38:57,mehdi,10.0.0.8,1
2025-01-01 13:39:44,ikram,192.168.1.11,1
2025-01-01 13:39:59,ahmed,172.16.0.3,0
2025-01-01 13:41:19,soufiane,10.10.10.11,0
2025-01-01 13:42:44,soufiane,10.10.10.11,0
2025-01-01 13:44:07,soufiane,45.33.32.156,0
2025-01-01 13:45:24,fatima,185.220.101.1,0
2025-01-01 13:46:47,salma,192.168.1.10,1
2025-01-01 13:47:36,hamza,10.0.0.5,1
2025-01-01 13:48:07,mohamed,203.0.113.10,1
2025-01-01 13:48:23,soufiane,45.33.32.156,0
2025-01-01 13:48:49,hamza,192.168.50.21,0
2025-01-01 13:49:17,hajar,192.168.1.11,0
2025-01-01 13:50:30,hajar,10.10.10.11,0
2025-01-01 13:51:25,ikram,198.51.100.66,0
2025-01-01 13:52:15,soufiane,203.0.113.11,1
2025-01-01 13:53:37,hamza,192.168.1.11,1
2025-01-01 13:53:54,ikram,185.220.101.1,0
2025-01-01 13:54:24,fatima,91.240.118.12,0
2025-01-01 13:55:17,fatima,185.220.101.1,0
2025-01-01 13:56:13,fatima,192.168.1.11,0
2025-01-01 13:57:19,mohamed,192.168.1.10,0
2025-01-01 13:58:26,kawtar,203.0.113.10,0
2025-01-01 13:58:53,fatima,103.21.244.5,0
2025-01-01 14:00:22,fatima,10.0.0.5,0
2025-01-01 14:01:11,hajar,103.21.244.5,0
2025-01-01 14:01:54,nour,192.168.50.21,0
2025-01-01 14:02:17,hajar,91.240.118.12,0
2025-01-01 14:03:35,ayoub,172.16.0.4,1
2025-01-01 14:03:52,hamza,91.240.118.12,0
2025-01-01 14:04:23,omar,203.0.113.10,0
2025-01-01 14:05:44,amine,203.0.113.11,1
2025-01-01 14:06:58,fatima,185.220.101.1,0
2025-01-01 14:07:21,hajar,198.51.100.66,0
2025-01-01 14:08:37,ikram,203.0.113.10,1
2025-01-01 14:09:07,ikram,198.51.100.66,0
2025-01-01 14:10:37,mohamed,10.0.0.5,0
2025-01-01 14:11:43,omar,192.168.1.11,1
2025-01-01 14:12:20,soufiane,172.16.0.4,1
2025-01-01 14:13:43,mehdi,10.0.0.8,1
2025-01-01 14:14:28,hajar,103.21.244.5,0
2025-01-01 14:15:47,fatima,45.33.32.156,0
2025-01-01 14:16:38,soufiane,10.10.10.11,0
2025-01-01 14:18:02,soufiane,103.21.244.5,0
2025-01-01 14:18:49,fatima,103.21.244.5,0
2025-01-01 14:19:47,anas,10.10.10.10,1
2025-01-01 14:20:44,soufiane,45.33.32.156,0
2025-01-01 14:21:52,omar,172.16.0.3,1
2025-01-01 14:23:15,ikram,185.220.101.1,0
2025-01-01 14:24:44,anas,192.168.1.11,1
2025-01-01 14:26:01,salma,10.0.0.8,0
2025-01-01 14:27:14,fatima,203.0.113.11,1
2025-01-01 14:28:28,mohamed,172.16.0.4,1
2025-01-01 14:29:30,hamza,10.10.10.11,0
2025-01-01 14:30:34,ahmed,192.168.1.10,1
2025-01-01 14:30:59,hajar,103.21.244.5,0
2025-01-01 14:31:42,omar,192.168.1.11,1
2025-01-01 14:31:59,nour,172.20.1.5,0
2025-01-01 14:33:28,imane,10.10.10.10,0
2025-01-01 14:33:55,salma,10.0.0.8,1
2025-01-01 14:34:16,amine,172.16.0.3,0
2025-01-01 14:35:36,soufiane,45.33.32.156,0
2025-01-01 14:36:41,soufiane,10.0.0.5,1
2025-01-01 14:37:28,ikram,192.168.1.10,1
2025-01-01 14:38:26,ikram,10.0.0.8,0
2025-01-01 14:38:53,mohamed,192.168.1.11,1
2025-01-01 14:39:48,karim,203.0.113.10,1
2025-01-01 14:40:12,salma,10.10.10.10,0
2025-01-01 14:41:41,hajar,192.168.50.20,0
2025-01-01 14:43:03,ikram,103.21.244.5,0
2025-01-01 14:44:12,mohamed,10.0.0.8,1
2025-01-01 14:44:45,anas,172.20.1.5,0
2025-01-01 14:45:19,hajar,172.16.0.3,1
2025-01-01 14:45:41,hajar,192.168.1.10,1
2025-01-01 14:47:04,nour,172.16.0.4,1
2025-01-01 14:47:48,fatima,172.16.0.4,1
2025-01-01 14:48:28,kawtar,192.168.1.11,1
2025-01-01 14:49:55,hamza,192.168.1.10,1
2025-01-01 14:51:03,salma,10.0.0.8,1
2025-01-01 14:52:10,karim,10.0.0.8,1
2025-01-01 14:53:16,hajar,192.168.50.21,1
2025-01-01 14:54:26,ikram,103.21.244.5,0
2025-01-01 14:55:49,hajar,192.168.1.11,1
2025-01-01 14:56:05,ikram,172.16.0.4,1
2025-01-01 14:57:21,imane,192.168.1.11,1
2025-01-01 14:57:39,mohamed,172.20.1.5,1
2025-01-01 14:58:57,ikram,91.240.118.12,0
2025-01-01 14:59:49,ikram,198.51.100.66,0
2025-01-01 15:00:25,soufiane,10.10.10.11,0
2025-01-01 15:01:38,ahmed,10.0.0.5,1
2025-01-01 15:02:17,kawtar,192.168.1.11,1
2025-01-01 15:03:08,mehdi,192.168.1.10,1
2025-01-01 15:03:24,ikram,172.16.0.3,1
2025-01-01 15:04:28,fatima,198.51.100.66,0
2025-01-01 15:05:10,hamza,45.33.32.156,0
2025-01-01 15:05:58,ikram,185.220.101.1,0
2025-01-01 15:07:15,hajar,192.168.1.11,1
2025-01-01 15:07:49,salma,203.0.113.11,1
2025-01-01 15:08:25,salma,10.10.10.11,0
2025-01-01 15:09:15,fatima,103.21.244.5,0
2025-01-01 15:10:28,hajar,185.220.101.1,0
2025-01-01 15:11:11,mehdi,192.168.1.11,1
2025-01-01 15:11:58,anas,172.20.1.5,1
2025-01-01 15:13:22,fatima,10.0.0.8,1
2025-01-01 15:14:33,hamza,45.33.32.156,0
2025-01-01 15:15:32,anas,10.0.0.5,1
2025-01-01 15:16:54,fatima,185.220.101.1,0
2025-01-01 15:17:43,fatima,10.10.10.10,0
2025-01-01 15:19:11,salma,192.168.1.10,1
2025-01-01 15:19:41,anas,10.10.10.11,0
2025-01-01 15:20:50,anas,10.0.0.5,1
2025-01-01 15:21:08,anas,203.0.113.10,1
2025-01-01 15:22:17,hajar,192.168.50.21,0
2025-01-01 15:23:46,ikram,172.16.0.3,1
2025-01-01 15:24:56,sara,203.0.113.11,1
2025-01-01 15:25:16,kawtar,10.0.0.5,1
2025-01-01 15:25:37,sara,203.0.113.10,1
2025-01-01 15:26:45,hamza,45.33.32.156,0
2025-01-01 15:27:34,aya,192.168.1.10,0
2025-01-01 15:28:43,soufiane,172.20.1.5,0
2025-01-01 15:29:59,amine,10.0.0.8,0
2025-01-01 15:30:48,omar,10.0.0.8,1
2025-01-01 15:31:14,ikram,10.0.0.8,1
2025-01-01 15:31:47,soufiane,103.21.244.5,0
2025-01-01 15:33:17,youssef,172.16.0.4,1
2025-01-01 15:34:17,ikram,10.0.0.8,1
2025-01-01 15:34:50,ikram,203.0.113.10,1
2025-01-01 15:35:30,ikram,103.21.244.5,0
2025-01-01 15:36:53,nour,192.168.1.10,0
2025-01-01 15:38:16,mohamed,192.168.50.21,1
2025-01-01 15:39:04,ikram,185.220.101.1,0
2025-01-01 15:39:44,soufiane,203.0.113.11,0
2025-01-01 15:40:52,imane,172.20.1.5,0
2025-01-01 15:41:42,hajar,192.168.1.11,1
2025-01-01 15:42:16,hajar,198.51.100.66,0
2025-01-01 15:42:37,imane,172.16.0.3,1
2025-01-01 15:43:31,amine,10.0.0.5,1
2025-01-01 15:44:37,hajar,45.33.32.156,0
2025-01-01 15:45:24,ikram,185.220.101.1,0
2025-01-01 15:46:04,youssef,10.0.0.8,1
2025-01-01 15:47:00,fatima,10.10.10.10,0
2025-01-01 15:47:35,imane,203.0.113.11,1
2025-01-01 15:48:23,hamza,103.21.244.5,0
2025-01-01 15:48:53,kawtar,172.16.0.3,1
2025-01-01 15:50:13,ikram,10.0.0.8,1
2025-01-01 15:51:26,mohamed,172.16.0.4,0
2025-01-01 15:51:50,hajar,103.21.244.5,0
2025-01-01 15:53:20,imane,192.168.50.20,1
2025-01-01 15:53:45,soufiane,10.10.10.10,0
2025-01-01 15:54:59,fatima,198.51.100.66,0
2025-01-01 15:55:38,mohamed,192.168.50.20,0
2025-01-01 15:57:01,soufiane,203.0.113.10,1
2025-01-01 15:58:03,ikram,203.0.113.10,1
2025-01-01 15:58:59,fatima,91.240.118.12,0
2025-01-01 15:59:14,sara,172.16.0.3,0
2025-01-01 16:00:00,ayoub,172.16.0.3,1
2025-01-01 16:00:26,amine,172.16.0.4,1
2025-01-01 16:01:35,kawtar,10.0.0.5,1
2025-01-01 16:02:13,imane,10.10.10.10,1
2025-01-01 16:03:14,nour,192.168.1.11,1
2025-01-01 16:04:06,hamza,192.168.50.20,0
2025-01-01 16:04:34,imane,10.10.10.11,0
2025-01-01 16:05:15,salma,172.16.0.3,1
2025-01-01 16:06:34,hamza,192.168.50.21,1
2025-01-01 16:07:33,sara,10.0.0.5,1
2025-01-01 16:08:50,hamza,172.16.0.4,1
2025-01-01 16:09:49,mohamed,172.20.1.5,0
2025-01-01 16:11:18,fatima,45.33.32.156,0
2025-01-01 16:11:45,anas,192.168.50.21,0
2025-01-01 16:12:05,hajar,192.168.1.10,1
2025-01-01 16:13:01,mohamed,172.16.0.3,1
2025-01-01 16:13:42,imane,10.10.10.10,0
2025-01-01 16:14:10,ikram,185.220.101.1,0
2025-01-01 16:15:17,soufiane,103.21.244.5,0
2025-01-01 16:16:18,soufiane,45.33.32.156,0
2025-01-01 16:16:59,hamza,198.51.100.66,0
2025-01-01 16:17:55,fatima,203.0.113.10,0
2025-01-01 16:18:50,mehdi,203.0.113.10,1
2025-01-01 16:20:05,youssef,172.16.0.3,1
2025-01-01 16:21:22,soufiane,172.16.0.3,1
2025-01-01 16:22:22,fatima,172.16.0.4,1
2025-01-01 16:22:58,anas,203.0.113.11,0
2025-01-01 16:23:51,hajar,103.21.244.5,0
2025-01-01 16:24:55,hamza,192.168.50.20,0
2025-01-01 16:26:17,soufiane,10.0.0.5,1
2025-01-01 16:27:37,hamza,45.33.32.156,0
2025-01-01 16:28:34,fatima,203.0.113.10,1
2025-01-01 16:29:14,amine,192.168.1.10,1
2025-01-01 16:29:45,amine,10.0.0.5,1
2025-01-01 16:30:57,imane,203.0.113.10,1
2025-01-01 16:31:12,anas,192.168.50.20,0
2025-01-01 16:32:42,anas,203.0.113.10,1
2025-01-01 16:33:06,hajar,185.220.101.1,0
2025-01-01 16:34:34,imane,203.0.113.10,1
2025-01-01 16:35:18,mohamed,203.0.113.10,1
2025-01-01 16:35:34,youssef,10.0.0.8,0
2025-01-01 16:35:54,karim,203.0.113.11,1
2025-01-01 16:37:14,hamza,185.220.101.1,0
2025-01-01 16:37:55,soufiane,203.0.113.10,1
2025-01-01 16:38:41,soufiane,172.16.0.4,1
2025-01-01 16:39:22,amine,192.168.1.11,1
2025-01-01 16:40:36,soufiane,103.21.244.5,0
2025-01-01 16:42:00,ikram,198.51.100.66,0
2025-01-01 16:42:38,youssef,192.168.1.10,0
2025-01-01 16:43:42,imane,172.16.0.4,1
2025-01-01 16:44:49,fatima,45.33.32.156,0
2025-01-01 16:45:27,kawtar,203.0.113.10,1
2025-01-01 16:46:26,ahmed,172.16.0.4,1
2025-01-01 16:47:53,amine,10.0.0.5,1
2025-01-01 16:48:58,aya,203.0.113.11,0
2025-01-01 16:50:14,hamza,198.51.100.66,0
2025-01-01 16:50:37,sara,172.16.0.3,0
2025-01-01 16:51:38,karim,10.0.0.5,1
2025-01-01 16:52:35,soufiane,103.21.244.5,0
2025-01-01 16:52:56,soufiane,198.51.100.66,0
2025-01-01 16:53:58,mehdi,10.0.0.5,1
2025-01-01 16:54:29,salma,172.16.0.3,1
2025-01-01 16:55:55,fatima,203.0.113.10,1
2025-01-01 16:57:23,hamza,198.51.100.66,0
2025-01-01 16:58:26,hamza,192.168.50.21,0
2025-01-01 16:58:56,amine,172.16.0.3,1
2025-01-01 16:59:28,hajar,91.240.118.12,0
2025-01-01 17:00:11,omar,203.0.113.11,1
2025-01-01 17:00:30,ayoub,203.0.113.11,1
2025-01-01 17:01:17,nour,10.10.10.11,1
2025-01-01 17:02:13,hamza,10.10.10.11,0
2025-01-01 17:02:41,anas,172.20.1.5,0
2025-01-01 17:03:39,ikram,198.51.100.66,0
2025-01-01 17:04:53,amine,192.168.1.10,1
2025-01-01 17:06:14,karim,203.0.113.10,1
2025-01-01 17:07:30,ikram,45.33.32.156,0
2025-01-01 17:08:21,hajar,172.20.1.5,0
2025-01-01 17:09:00,ikram,10.0.0.5,1
2025-01-01 17:09:58,mohamed,192.168.50.20,0
2025-01-01 17:10:47,fatima,103.21.244.5,0
2025-01-01 17:11:20,hajar,198.51.100.66,0
2025-01-01 17:12:07,soufiane,192.168.1.10,0
2025-01-01 17:13:25,soufiane,198.51.100.66,0
2025-01-01 17:14:10,ikram,172.20.1.5,0
2025-01-01 17:14:59,hajar,103.21.244.5,0
2025-01-01 17:15:30,imane,192.168.50.20,1
2025-01-01 17:16:20,ikram,198.51.100.66,0
2025-01-01 17:16:46,aya,203.0.113.10,1
2025-01-01 17:17:12,fatima,192.168.50.21,1
2025-01-01 17:18:23,hajar,172.16.0.4,1
2025-01-01 17:19:17,aya,192.168.1.11,1
2025-01-01 17:20:45,soufiane,91.240.118.12,0
2025-01-01 17:22:11,hajar,185.220.101.1,0
2025-01-01 17:22:51,hamza,172.16.0.3,1
2025-01-01 17:23:31,aya,10.0.0.5,0
2025-01-01 17:24:43,mohamed,203.0.113.10,0
2025-01-01 17:25:28,soufiane,192.168.50.20,0
2025-01-01 17:26:54,soufiane,172.20.1.5,1
2025-01-01 17:27:21,fatima,198.51.100.66,0
2025-01-01 17:28:46,hamza,10.10.10.11,1
2025-01-01 17:29:15,hajar,185.220.101.1,0
2025-01-01 17:30:38,ikram,192.168.50.21,0
2025-01-01 17:30:56,hajar,192.168.1.10,1
2025-01-01 17:31:22,fatima,198.51.100.66,0
2025-01-01 17:31:50,soufiane,103.21.244.5,0
2025-01-01 17:32:15,kawtar,10.0.0.8,1
2025-01-01 17:32:30,anas,192.168.50.21,0
2025-01-01 17:33:11,nour,192.168.1.11,1
2025-01-01 17:33:48,imane,10.0.0.5,1
2025-01-01 17:34:10,omar,203.0.113.11,0
2025-01-01 17:35:28,salma,192.168.50.21,0
2025-01-01 17:36:29,soufiane,103.21.244.5,0
2025-01-01 17:37:54,ayoub,172.16.0.4,1
2025-01-01 17:38:21,hamza,203.0.113.11,0
2025-01-01 17:39:25,fatima,10.0.0.5,1
2025-01-01 17:40:44,aya,172.16.0.3,0
2025-01-01 17:41:01,ahmed,172.16.0.3,1
2025-01-01 17:41:18,fatima,192.168.50.21,0
2025-01-01 17:42:44,hajar,172.20.1.5,0
2025-01-01 17:43:20,hamza,203.0.113.10,1
2025-01-01 17:44:30,nour,192.168.50.21,0
2025-01-01 17:45:36,salma,10.0.0.5,0
2025-01-01 17:46:31,amine,203.0.113.11,1
2025-01-01 17:47:39,anas,192.168.1.11,1
2025-01-01 17:48:59,ahmed,192.168.1.10,1
2025-01-01 17:49:26,ahmed,172.16.0.4,1
2025-01-01 17:50:51,ahmed,172.16.0.4,0
2025-01-01 17:51:41,imane,10.10.10.11,0
2025-01-01 17:53:04,aya,203.0.113.10,1
2025-01-01 17:53:25,fatima,198.51.100.66,0
2025-01-01 17:53:51,anas,203.0.113.11,1
2025-01-01 17:55:06,ikram,91.240.118.12,0
2025-01-01 17:55:26,soufiane,91.240.118.12,0
2025-01-01 17:56:33,ikram,185.220.101.1,0
2025-01-01 17:57:35,salma,10.10.10.10,1
2025-01-01 17:58:24,anas,203.0.113.10,1
2025-01-01 17:59:48,imane,203.0.113.11,1
2025-01-01 18:00:22,fatima,10.10.10.11,0
2025-01-01 18:01:11,hajar,192.168.50.20,0
2025-01-01 18:01:59,mehdi,10.0.0.8,0
2025-01-01 18:02:26,hamza,10.10.10.10,0
2025-01-01 18:03:49,ayoub,172.16.0.3,1
2025-01-01 18:04:15,hajar,91.240.118.12,0
2025-01-01 18:04:30,nour,10.0.0.8,1
2025-01-01 18:05:01,hajar,10.10.10.11,0
2025-01-01 18:06:20,soufiane,192.168.1.11,1
2025-01-01 18:07:22,salma,10.0.0.5,1
2025-01-01 18:07:53,ayoub,172.16.0.3,1
2025-01-01 18:08:21,karim,10.0.0.8,0
2025-01-01 18:08:46,ikram,10.0.0.8,1
2025-01-01 18:10:16,youssef,203.0.113.10,1
2025-01-01 18:11:35,hamza,192.168.50.21,1
2025-01-01 18:12:36,soufiane,185.220.101.1,0
2025-01-01 18:13:26,ahmed,10.0.0.5,0
2025-01-01 18:14:41,imane,172.20.1.5,0
2025-01-01 18:16:06,ayoub,192.168.1.11,1
2025-01-01 18:17:11,kawtar,10.0.0.8,1
2025-01-01 18:18:10,mehdi,10.0.0.8,1
2025-01-01 18:19:13,kawtar,203.0.113.10,1
2025-01-01 18:19:43,karim,172.16.0.4,1
2025-01-01 18:20:52,salma,192.168.50.20,0
2025-01-01 18:21:41,youssef,172.16.0.3,1
2025-01-01 18:22:38,fatima,10.0.0.8,0
2025-01-01 18:23:33,hamza,192.168.1.11,1
2025-01-01 18:24:10,mehdi,10.0.0.5,1
2025-01-01 18:24:56,hajar,91.240.118.12,0
2025-01-01 18:26:10,anas,192.168.50.21,0
2025-01-01 18:26:50,omar,172.16.0.4,1
2025-01-01 18:27:20,hamza,203.0.113.10,1
2025-01-01 18:28:04,soufiane,10.0.0.8,1
2025-01-01 18:28:51,aya,172.16.0.4,1
2025-01-01 18:29:08,mohamed,172.20.1.5,1
2025-01-01 18:29:34,hajar,192.168.50.21,1
2025-01-01 18:30:23,mehdi,192.168.1.11,1
2025-01-01 18:31:14,hamza,172.16.0.4,1
2025-01-01 18:32:37,imane,10.0.0.8,1
2025-01-01 18:33:38,soufiane,192.168.50.21,0
2025-01-01 18:34:40,amine,203.0.113.11,1
2025-01-01 18:35:00,fatima,91.240.118.12,0
2025-01-01 18:36:29,soufiane,198.51.100.66,0
2025-01-01 18:37:47,ikram,45.33.32.156,0
2025-01-01 18:38:45,amine,10.0.0.5,1
2025-01-01 18:40:15,hamza,192.168.1.10,1
2025-01-01 18:40:58,ayoub,192.168.1.11,1
2025-01-01 18:42:03,hamza,10.10.10.11,0
2025-01-01 18:43:08,ikram,185.220.101.1,0
2025-01-01 18:44:07,soufiane,103.21.244.5,0
2025-01-01 18:44:23,mohamed,10.10.10.11,1
2025-01-01 18:45:52,karim,203.0.113.10,1
2025-01-01 18:47:09,salma,192.168.1.11,0
2025-01-01 18:48:19,anas,203.0.113.11,1
2025-01-01 18:49:24,fatima,45.33.32.156,0
2025-01-01 18:50:04,soufiane,91.240.118.12,0
2025-01-01 18:51:23,ayoub,10.0.0.5,1
2025-01-01 18:51:43,ikram,198.51.100.66,0
2025-01-01 18:52:59,hajar,45.33.32.156,0
2025-01-01 18:54:22,fatima,45.33.32.156,0
2025-01-01 18:55:15,soufiane,10.10.10.11,0
2025-01-01 18:55:37,ikram,103.21.244.5,0
2025-01-01 18:56:06,amine,203.0.113.10,1
2025-01-01 18:57:01,hajar,192.168.1.11,1
2025-01-01 18:58:28,fatima,198.51.100.66,0
2025-01-01 18:59:55,karim,203.0.113.11,1
2025-01-01 19:00:25,ayoub,10.0.0.5,1
2025-01-01 19:00:42,imane,172.16.0.4,1
2025-01-01 19:00:58,fatima,103.21.244.5,0
2025-01-01 19:01:37,aya,192.168.1.11,1
2025-01-01 19:02:31,aya,192.168.1.10,1
2025-01-01 19:03:04,ahmed,172.16.0.4,1
2025-01-01 19:03:42,mohamed,10.0.0.8,0
2025-01-01 19:04:11,anas,10.0.0.8,1
2025-01-01 19:05:00,hajar,91.240.118.12,0
2025-01-01 19:06:29,fatima,103.21.244.5,0
2025-01-01 19:07:34,hajar,10.10.10.11,0
2025-01-01 19:08:31,soufiane,203.0.113.10,1
2025-01-01 19:10:00,mehdi,203.0.113.10,1
2025-01-01 19:11:00,ikram,192.168.50.21,0
2025-01-01 19:12:11,ikram,103.21.244.5,0
2025-01-01 19:13:02,anas,10.0.0.8,1
2025-01-01 19:13:55,hajar,45.33.32.156,0
2025-01-01 19:14:59,salma,172.20.1.5,1
2025-01-01 19:15:47,amine,192.168.1.11,1
2025-01-01 19:17:16,amine,10.0.0.8,1
2025-01-01 19:18:16,hajar,103.21.244.5,0
2025-01-01 19:19:06,ikram,198.51.100.66,0
2025-01-01 19:20:01,ikram,203.0.113.10,0
2025-01-01 19:20:55,imane,10.0.0.5,1
2025-01-01 19:21:32,youssef,192.168.1.11,1
2025-01-01 19:22:48,youssef,172.16.0.3,1
2025-01-01 19:23:08,amine,172.16.0.4,1
2025-01-01 19:24:02,salma,172.20.1.5,1
2025-01-01 19:24:18,ikram,103.21.244.5,0
2025-01-01 19:25:28,hajar,185.220.101.1,0
2025-01-01 19:26:30,ikram,103.21.244.5,0
2025-01-01 19:26:55,youssef,10.0.0.5,1
2025-01-01 19:28:17,soufiane,91.240.118.12,0
2025-01-01 19:28:35,aya,172.16.0.3,0
2025-01-01 19:28:54,karim,192.168.1.10,1
2025-01-01 19:29:38,fatima,198.51.100.66,0
2025-01-01 19:30:48,kawtar,172.16.0.4,1
2025-01-01 19:31:04,imane,203.0.113.10,1
2025-01-01 19:31:44,sara,10.0.0.8,1
2025-01-01 19:32:35,nour,192.168.50.20,0
2025-01-01 19:33:20,salma,203.0.113.10,1
2025-01-01 19:34:03,fatima,103.21.244.5,0
2025-01-01 19:35:24,ikram,10.10.10.11,0
2025-01-01 19:36:32,salma,10.10.10.11,0
2025-01-01 19:37:12,ayoub,172.16.0.4,1
2025-01-01 19:37:50,ikram,45.33.32.156,0
2025-01-01 19:38:41,ahmed,172.16.0.4,0
2025-01-01 19:39:20,ayoub,172.16.0.4,1
2025-01-01 19:39:41,salma,192.168.1.10,1
2025-01-01 19:40:46,sara,172.16.0.3,1
2025-01-01 19:41:50,mohamed,192.168.50.20,0
2025-01-01 19:42:38,soufiane,192.168.1.10,1
2025-01-01 19:44:05,amine,192.168.1.10,1
2025-01-01 19:44:31,hamza,91.240.118.12,0
2025-01-01 19:45:45,hajar,203.0.113.10,1
2025-01-01 19:46:35,hamza,103.21.244.5,0
2025-01-01 19:47:47,hamza,172.16.0.3,1
2025-01-01 19:48:48,soufiane,45.33.32.156,0
2025-01-01 19:49:30,hajar,10.0.0.8,1
2025-01-01 19:50:55,ikram,192.168.50.21,0
2025-01-01 19:52:08,hamza,45.33.32.156,0
2025-01-01 19:52:52,amine,192.168.1.10,1
2025-01-01 19:54:03,salma,203.0.113.11,1
2025-01-01 19:54:20,omar,10.0.0.5,0
2025-01-01 19:54:42,hajar,198.51.100.66,0
2025-01-01 19:55:16,salma,172.16.0.4,1
2025-01-01 19:56:04,kawtar,10.0.0.5,1
2025-01-01 19:56:28,mohamed,10.10.10.10,0
2025-01-01 19:56:50,ayoub,10.0.0.8,1
2025-01-01 19:57:22,soufiane,192.168.50.21,1
2025-01-01 19:58:16,ikram,10.10.10.11,0
2025-01-01 19:58:32,soufiane,103.21.244.5,0
2025-01-01 19:59:40,hajar,185.220.101.1,0
2025-01-01 20:00:39,imane,10.0.0.8,1
2025-01-01 20:02:00,mohamed,203.0.113.10,1
2025-01-01 20:03:25,fatima,91.240.118.12,0
2025-01-01 20:04:12,fatima,172.20.1.5,1
2025-01-01 20:04:54,omar,192.168.1.10,1
2025-01-01 20:05:38,ikram,10.0.0.5,1
2025-01-01 20:07:08,aya,172.16.0.3,1
2025-01-01 20:08:21,salma,192.168.1.10,1
2025-01-01 20:08:51,hamza,45.33.32.156,0
2025-01-01 20:09:38,hamza,91.240.118.12,0
2025-01-01 20:10:03,ahmed,172.16.0.3,1
2025-01-01 20:11:24,fatima,91.240.118.12,0
2025-01-01 20:12:24,fatima,103.21.244.5,0
2025-01-01 20:12:50,anas,10.10.10.10,0
2025-01-01 20:14:02,soufiane,172.20.1.5,0
2025-01-01 20:15:18,soufiane,192.168.1.11,1
2025-01-01 20:16:46,aya,10.0.0.5,1
2025-01-01 20:17:54,ahmed,203.0.113.11,1
2025-01-01 20:18:17,soufiane,103.21.244.5,0
2025-01-01 20:18:49,nour,10.10.10.10,0
2025-01-01 20:19:48,sara,203.0.113.11,1
2025-01-01 20:20:54,kawtar,10.0.0.5,1
2025-01-01 20:22:22,ikram,198.51.100.66,0
2025-01-01 20:23:25,sara,203.0.113.11,1
2025-01-01 20:24:20,nour,10.10.10.11,0
2025-01-01 20:25:23,imane,172.16.0.3,1
2025-01-01 20:26:51,soufiane,91.240.118.12,0
2025-01-01 20:27:38,hajar,185.220.101.1,0
2025-01-01 20:29:06,fatima,198.51.100.66,0
2025-01-01 20:29:56,ikram,192.168.50.21,0
2025-01-01 20:31:17,kawtar,10.0.0.5,0
2025-01-01 20:31:32,mehdi,203.0.113.11,1
2025-01-01 20:32:52,hamza,45.33.32.156,0
2025-01-01 20:33:07,fatima,192.168.50.21,0
2025-01-01 20:34:15,nour,192.168.1.11,1
2025-01-01 20:35:28,ahmed,192.168.1.10,1
2025-01-01 20:36:39,hamza,45.33.32.156,0
2025-01-01 20:36:54,ikram,91.240.118.12,0
2025-01-01 20:37:13,hamza,45.33.32.156,0
2025-01-01 20:38:38,mehdi,172.16.0.3,1
2025-01-01 20:39:25,ayoub,192.168.1.10,1
2025-01-01 20:40:12,hajar,45.33.32.156,0
2025-01-01 20:40:53,mohamed,203.0.113.10,1
2025-01-01 20:42:05,omar,10.0.0.8,1
2025-01-01 20:43:18,mohamed,192.168.50.20,1
2025-01-01 20:43:50,fatima,172.16.0.3,0
2025-01-01 20:44:43,soufiane,45.33.32.156,0
2025-01-01 20:46:07,sara,10.0.0.5,1
2025-01-01 20:46:52,ayoub,203.0.113.10,0
2025-01-01 20:47:17,nour,172.20.1.5,0
2025-01-01 20:47:46,karim,172.16.0.4,0
2025-01-01 20:48:51,fatima,192.168.50.21,0
2025-01-01 20:49:08,imane,10.10.10.11,0
2025-01-01 20:49:28,youssef,192.168.1.10,0
2025-01-01 20:50:12,kawtar,172.16.0.4,1
2025-01-01 20:51:29,soufiane,10.10.10.11,0
2025-01-01 20:52:40,ayoub,10.0.0.8,1
2025-01-01 20:53:16,anas,172.20.1.5,0
2025-01-01 20:54:35,imane,192.168.50.20,0
2025-01-01 20:55:56,ikram,10.0.0.5,1
2025-01-01 20:56:54,fatima,172.16.0.3,1
2025-01-01 20:57:11,fatima,45.33.32.156,0
2025-01-01 20:58:09,soufiane,45.33.32.156,0
2025-01-01 20:58:35,fatima,192.168.1.11,1
2025-01-01 20:59:30,hajar,172.20.1.5,0
2025-01-01 20:59:55,sara,10.0.0.8,1
2025-01-01 21:00:40,youssef,192.168.1.11,0
2025-01-01 21:01:17,mehdi,172.16.0.3,1
2025-01-01 21:02:16,hajar,10.0.0.8,1
2025-01-01 21:03:20,hajar,45.33.32.156,0
2025-01-01 21:04:43,hamza,103.21.244.5,0
2025-01-01 21:05:56,fatima,203.0.113.10,1
2025-01-01 21:07:02,hajar,185.220.101.1,0
2025-01-01 21:08:22,ikram,203.0.113.10,0
2025-01-01 21:09:20,mohamed,10.0.0.8,1
2025-01-01 21:09:54,ahmed,10.0.0.8,1
2025-01-01 21:10:10,hamza,185.220.101.1,0
2025-01-01 21:10:59,soufiane,10.0.0.8,1
2025-01-01 21:11:50,hajar,198.51.100.66,0
2025-01-01 21:12:41,nour,10.0.0.5,1
2025-01-01 21:13:50,hamza,10.0.0.5,1
2025-01-01 21:15:17,omar,203.0.113.10,1
2025-01-01 21:15:46,nour,192.168.50.21,0
2025-01-01 21:17:03,hamza,172.20.1.5,0
2025-01-01 21:17:58,fatima,192.168.1.10,1
2025-01-01 21:18:36,amine,203.0.113.10,1
2025-01-01 21:19:09,karim,192.168.1.11,1
2025-01-01 21:19:58,hajar,45.33.32.156,0
2025-01-01 21:21:18,ikram,198.51.100.66,0
2025-01-01 21:22:32,ikram,192.168.1.10,1
2025-01-01 21:23:53,omar,192.168.1.10,1
2025-01-01 21:25:06,hamza,203.0.113.11,1
2025-01-01 21:25:56,sara,10.0.0.5,1
2025-01-01 21:26:44,ikram,203.0.113.10,1
2025-01-01 21:27:16,salma,172.16.0.4,1
2025-01-01 21:28:21,soufiane,203.0.113.10,1
2025-01-01 21:28:49,youssef,172.16.0.3,1
2025-01-01 21:29:10,soufiane,91.240.118.12,0
2025-01-01 21:30:24,nour,10.0.0.8,0
2025-01-01 21:31:05,nour,192.168.50.21,0
2025-01-01 21:32:14,soufiane,185.220.101.1,0
2025-01-01 21:33:30,hajar,192.168.1.11,1
2025-01-01 21:34:51,mohamed,172.20.1.5,1
2025-01-01 21:35:45,soufiane,192.168.1.10,1
2025-01-01 21:36:35,omar,203.0.113.10,1
2025-01-01 21:37:16,hajar,103.21.244.5,0
2025-01-01 21:37:49,soufiane,10.10.10.11,0
2025-01-01 21:38:10,soufiane,185.220.101.1,0
2025-01-01 21:38:51,hajar,192.168.50.21,0
2025-01-01 21:40:07,mehdi,172.16.0.3,1
2025-01-01 21:41:01,hamza,172.20.1.5,0
2025-01-01 21:42:23,soufiane,172.16.0.3,1
2025-01-01 21:43:47,aya,203.0.113.11,1
2025-01-01 21:45:00,soufiane,172.16.0.3,1
2025-01-01 21:46:27,ikram,192.168.50.21,0
2025-01-01 21:46:42,hamza,192.168.1.11,0
2025-01-01 21:47:42,hamza,185.220.101.1,0
2025-01-01 21:49:00,anas,172.20.1.5,0
2025-01-01 21:49:22,sara,203.0.113.10,1
2025-01-01 21:50:24,fatima,45.33.32.156,0
2025-01-01 21:50:50,salma,192.168.50.20,0
2025-01-01 21:51:48,mohamed,172.16.0.3,1
2025-01-01 21:53:17,hajar,91.240.118.12,0
2025-01-01 21:54:44,soufiane,185.220.101.1,0
2025-01-01 21:56:09,nour,203.0.113.10,1
2025-01-01 21:57:08,imane,192.168.50.21,0
2025-01-01 21:58:06,sara,172.16.0.3,1
2025-01-01 21:58:43,karim,203.0.113.10,1
2025-01-01 21:59:41,hajar,45.33.32.156,0
2025-01-01 22:00:43,nour,172.20.1.5,1
2025-01-01 22:02:02,soufiane,192.168.1.10,1
2025-01-01 22:02:49,anas,192.168.1.10,1
2025-01-01 22:03:21,imane,10.0.0.5,1
2025-01-01 22:03:46,mohamed,10.0.0.8,1
2025-01-01 22:04:25,salma,192.168.1.10,1
2025-01-01 22:05:06,mohamed,10.10.10.10,0
2025-01-01 22:05:44,hamza,10.10.10.11,0
2025-01-01 22:07:07,karim,172.16.0.4,1
2025-01-01 22:08:01,salma,203.0.113.11,1
2025-01-01 22:08:24,nour,172.16.0.4,1
2025-01-01 22:09:10,ikram,45.33.32.156,0
2025-01-01 22:10:21,mohamed,172.16.0.3,1
2025-01-01 22:11:50,salma,10.10.10.11,1
2025-01-01 22:12:22,ikram,45.33.32.156,0
2025-01-01 22:13:31,fatima,103.21.244.5,0
2025-01-01 22:14:08,hamza,198.51.100.66,0
2025-01-01 22:15:25,karim,203.0.113.10,1
2025-01-01 22:16:34,hamza,172.20.1.5,0
2025-01-01 22:17:34,soufiane,10.0.0.8,1
2025-01-01 22:18:13,kawtar,172.16.0.3,1
2025-01-01 22:19:30,ikram,203.0.113.10,1
2025-01-01 22:20:26,ikram,10.10.10.11,1
2025-01-01 22:21:46,youssef,203.0.113.11,1
2025-01-01 22:22:14,hajar,10.0.0.5,1
2025-01-01 22:23:10,kawtar,10.0.0.5,1
2025-01-01 22:23:50,soufiane,203.0.113.11,1
2025-01-01 22:24:15,hajar,192.168.50.20,0
2025-01-01 22:25:44,hamza,192.168.50.21,0
2025-01-01 22:27:07,hajar,185.220.101.1,0
2025-01-01 22:27:26,sara,172.16.0.4,1
2025-01-01 22:27:55,ayoub,192.168.1.10,1
2025-01-01 22:28:26,anas,192.168.50.21,0
2025-01-01 22:29:45,soufiane,185.220.101.1,0
2025-01-01 22:30:56,soufiane,192.168.1.10,1
2025-01-01 22:31:44,soufiane,45.33.32.156,0
2025-01-01 22:32:44,soufiane,192.168.1.11,1
2025-01-01 22:33:34,ikram,45.33.32.156,0
2025-01-01 22:34:04,hamza,45.33.32.156,0
2025-01-01 22:34:34,ikram,10.10.10.10,0
2025-01-01 22:35:01,omar,172.16.0.3,1
2025-01-01 22:35:26,soufiane,185.220.101.1,0
2025-01-01 22:35:48,hajar,172.16.0.4,1
2025-01-01 22:37:15,amine,192.168.1.10,1
2025-01-01 22:37:57,hamza,185.220.101.1,0
2025-01-01 22:39:23,imane,203.0.113.11,1
2025-01-01 22:40:20,hajar,10.10.10.11,0
2025-01-01 22:41:33,hamza,103.21.244.5,0
2025-01-01 22:42:25,mohamed,172.16.0.3,1
2025-01-01 22:43:10,ayoub,172.16.0.3,1
2025-01-01 22:44:33,anas,172.20.1.5,0
2025-01-01 22:45:32,ikram,198.51.100.66,0
2025-01-01 22:46:33,amine,10.0.0.8,1
2025-01-01 22:47:41,imane,10.0.0.8,1
2025-01-01 22:48:47,kawtar,203.0.113.11,1
2025-01-01 22:50:12,sara,10.0.0.5,1
2025-01-01 22:51:06,soufiane,10.0.0.5,0
2025-01-01 22:51:41,salma,10.0.0.5,1
2025-01-01 22:52:55,omar,172.16.0.4,1
2025-01-01 22:54:07,salma,172.16.0.3,0
2025-01-01 22:54:57,fatima,192.168.1.11,1
2025-01-01 22:55:30,fatima,10.10.10.11,0
2025-01-01 22:56:23,ikram,203.0.113.11,1
2025-01-01 22:57:05,hajar,185.220.101.1,0
2025-01-01 22:58:05,nour,192.168.50.20,0
2025-01-01 22:59:09,ikram,192.168.50.21,1
2025-01-01 22:59:31,hamza,45.33.32.156,0
2025-01-01 23:00:35,mohamed,172.16.0.3,1
2025-01-01 23:01:27,amine,172.16.0.4,1
2025-01-01 23:02:13,soufiane,10.0.0.8,1
2025-01-01 23:02:31,salma,10.10.10.10,0
2025-01-01 23:03:48,hajar,185.220.101.1,0
2025-01-01 23:05:13,ikram,198.51.100.66,0
2025-01-01 23:06:03,kawtar,10.0.0.8,0
2025-01-01 23:07:15,kawtar,192.168.1.11,1
2025-01-01 23:07:30,nour,10.10.10.11,0
2025-01-01 23:08:04,soufiane,192.168.1.10,1
2025-01-01 23:08:21,hamza,10.10.10.10,0
2025-01-01 23:08:45,sara,172.16.0.4,0
2025-01-01 23:10:05,anas,10.10.10.10,0
2025-01-01 23:11:01,ikram,103.21.244.5,0
2025-01-01 23:11:59,ikram,192.168.1.10,1
2025-01-01 23:13:22,anas,10.0.0.8,1
2025-01-01 23:14:48,fatima,91.240.118.12,0
2025-01-01 23:15:16,kawtar,172.16.0.3,1
2025-01-01 23:15:39,hajar,192.168.50.20,0
2025-01-01 23:16:41,hamza,10.0.0.5,1
2025-01-01 23:17:55,karim,172.16.0.4,1
2025-01-01 23:19:19,fatima,192.168.1.11,1
2025-01-01 23:20:38,omar,203.0.113.11,1
2025-01-01 23:22:06,youssef,203.0.113.11,1
2025-01-01 23:22:21,sara,172.16.0.3,0
2025-01-01 23:23:09,soufiane,203.0.113.11,1
2025-01-01 23:24:33,hamza,103.21.244.5,0
2025-01-01 23:25:50,ikram,203.0.113.10,1
2025-01-01 23:26:52,fatima,185.220.101.1,0
2025-01-01 23:27:15,hamza,10.0.0.5,1
2025-01-01 23:27:33,hamza,103.21.244.5,0
2025-01-01 23:27:53,fatima,172.20.1.5,1
2025-01-01 23:29:05,fatima,10.0.0.5,1
2025-01-01 23:29:36,hajar,10.0.0.8,1
2025-01-01 23:30:56,mehdi,203.0.113.11,1
2025-01-01 23:32:23,youssef,172.16.0.3,1
2025-01-01 23:32:52,salma,10.10.10.10,0
2025-01-01 23:34:02,ikram,192.168.1.11,1
2025-01-01 23:34:51,nour,192.168.1.10,1
2025-01-01 23:35:24,anas,192.168.1.11,1
2025-01-01 23:36:28,ahmed,172.16.0.3,1
2025-01-01 23:37:45,ikram,185.220.101.1,0
2025-01-01 23:38:11,ikram,91.240.118.12,0
2025-01-01 23:38:36,mehdi,172.16.0.3,1
2025-01-01 23:39:07,hajar,10.10.10.10,0
2025-01-01 23:40:12,ikram,10.10.10.10,0
2025-01-01 23:41:09,fatima,192.168.1.10,1
2025-01-01 23:41:51,hajar,185.220.101.1,0
2025-01-01 23:43:14,kawtar,10.0.0.8,0
2025-01-01 23:43:52,ahmed,10.0.0.5,1
2025-01-01 23:44:37,anas,192.168.50.21,0
2025-01-01 23:45:59,soufiane,45.33.32.156,0
2025-01-01 23:47:20,ahmed,10.0.0.8,1
2025-01-01 23:48:39,imane,10.10.10.10,1
2025-01-01 23:49:02,hajar,185.220.101.1,0
2025-01-01 23:50:27,hajar,91.240.118.12,0
2025-01-01 23:51:39,ahmed,203.0.113.11,0
2025-01-01 23:53:00,anas,192.168.50.20,0
2025-01-01 23:53:37,kawtar,172.16.0.3,1
2025-01-01 23:54:09,soufiane,203.0.113.10,1
2025-01-01 23:55:36,ahmed,203.0.113.10,1
2025-01-01 23:56:34,mehdi,10.0.0.8,1
2025-01-01 23:57:28,fatima,91.240.118.12,0
2025-01-01 23:58:11,mehdi,203.0.113.11,1
2025-01-01 23:59:41,anas,172.16.0.3,1
2025-01-02 00:00:22,kawtar,203.0.113.10,1
2025-01-02 00:00:51,imane,10.10.10.10,0
2025-01-02 00:01:22,hamza,10.10.10.10,0
2025-01-02 00:02:46,mohamed,172.20.1.5,0
2025-01-02 00:03:14,salma,203.0.113.10,1
2025-01-02 00:03:52,ayoub,192.168.1.11,1
2025-01-02 00:04:35,mohamed,10.10.10.10,0
2025-01-02 00:05:37,mohamed,192.168.50.21,1
2025-01-02 00:06:41,hamza,198.51.100.66,0
2025-01-02 00:07:48,soufiane,172.16.0.4,1
2025-01-02 00:09:17,sara,192.168.1.11,1
2025-01-02 00:09:38,imane,10.0.0.5,0
2025-01-02 00:10:10,fatima,185.220.101.1,0
2025-01-02 00:10:35,fatima,45.33.32.156,0
2025-01-02 00:11:04,salma,192.168.50.21,0
2025-01-02 00:12:16,kawtar,10.0.0.8,0
2025-01-02 00:12:32,hajar,103.21.244.5,0
2025-01-02 00:13:07,sara,203.0.113.11,0
2025-01-02 00:14:08,ikram,10.0.0.5,1
2025-01-02 00:14:57,soufiane,91.240.118.12,0
2025-01-02 00:16:24,sara,10.0.0.8,1
2025-01-02 00:17:34,soufiane,198.51.100.66,0
2025-01-02 00:18:56,ikram,192.168.50.20,1
2025-01-02 00:19:31,anas,10.10.10.11,0
2025-01-02 00:20:54,hamza,91.240.118.12,0
2025-01-02 00:21:45,ikram,10.0.0.8,1
2025-01-02 00:22:49,salma,192.168.50.20,1
2025-01-02 00:23:27,soufiane,10.0.0.8,0
2025-01-02 00:24:15,hamza,10.10.10.11,1
2025-01-02 00:25:43,sara,10.0.0.8,1
2025-01-02 00:26:01,soufiane,185.220.101.1,0
2025-01-02 00:26:27,fatima,185.220.101.1,0
2025-01-02 00:27:55,fatima,192.168.50.21,1
2025-01-02 00:28:34,nour,172.16.0.3,0
2025-01-02 00:29:37,anas,10.10.10.11,0
2025-01-02 00:29:57,amine,172.16.0.4,1
2025-01-02 00:31:04,youssef,10.0.0.5,1
2025-01-02 00:32:16,amine,172.16.0.4,1
2025-01-02 00:33:12,hamza,10.10.10.10,0
2025-01-02 00:34:32,soufiane,10.10.10.10,0
2025-01-02 00:35:13,fatima,192.168.1.10,1
2025-01-02 00:35:44,ayoub,192.168.1.11,1
2025-01-02 00:36:19,ikram,91.240.118.12,0
2025-01-02 00:37:18,mohamed,192.168.50.20,0
2025-01-02 00:38:09,fatima,203.0.113.11,1
2025-01-02 00:39:14,anas,172.16.0.4,1
2025-01-02 00:40:18,hajar,45.33.32.156,0
2025-01-02 00:41:18,hamza,10.10.10.11,0
2025-01-02 00:42:15,ikram,10.0.0.8,1
2025-01-02 00:43:06,hamza,45.33.32.156,0
2025-01-02 00:43:33,soufiane,45.33.32.156,0
2025-01-02 00:44:59,hamza,10.0.0.5,1
2025-01-02 00:46:02,anas,192.168.50.20,0
2025-01-02 00:46:45,mohamed,172.16.0.3,1
2025-01-02 00:47:42,mohamed,10.0.0.5,1
2025-01-02 00:48:08,hajar,45.33.32.156,0
2025-01-02 00:48:52,fatima,192.168.50.21,0
2025-01-02 00:49:33,soufiane,91.240.118.12,0
2025-01-02 00:50:51,kawtar,203.0.113.10,1
2025-01-02 00:51:40,karim,203.0.113.11,1
2025-01-02 00:53:09,karim,10.0.0.8,1
2025-01-02 00:54:04,hamza,45.33.32.156,0
2025-01-02 00:54:53,soufiane,192.168.50.20,0
2025-01-02 00:55:38,omar,203.0.113.10,1
2025-01-02 00:55:59,hamza,172.16.0.3,1
2025-01-02 00:57:24,fatima,172.16.0.3,1
2025-01-02 00:57:55,mehdi,10.0.0.8,1
2025-01-02 00:58:53,ikram,91.240.118.12,0
2025-01-02 00:59:42,karim,172.16.0.3,0
2025-01-02 01:01:04,ikram,10.0.0.5,1
2025-01-02 01:02:21,mohamed,203.0.113.10,0
2025-01-02 01:03:04,salma,172.16.0.4,1
2025-01-02 01:04:31,hajar,172.16.0.3,1
2025-01-02 01:05:01,hajar,192.168.1.11,0
2025-01-02 01:06:19,fatima,10.10.10.10,0
2025-01-02 01:06:46,salma,172.16.0.4,1
2025-01-02 01:08:01,soufiane,185.220.101.1,0
2025-01-02 01:08:39,sara,192.168.1.11,1
2025-01-02 01:09:35,salma,10.0.0.5,1
2025-01-02 01:10:31,omar,172.16.0.3,1
2025-01-02 01:11:20,soufiane,185.220.101.1,0
2025-01-02 01:12:26,imane,172.16.0.3,1
2025-01-02 01:13:32,hajar,192.168.50.21,0
2025-01-02 01:13:53,soufiane,192.168.50.20,0
2025-01-02 01:15:21,sara,172.16.0.4,1
2025-01-02 01:16:26,ahmed,192.168.1.10,1
2025-01-02 01:17:45,mohamed,172.20.1.5,0
2025-01-02 01:18:03,hajar,10.10.10.11,1
2025-01-02 01:19:32,imane,192.168.1.11,1
2025-01-02 01:20:40,aya,172.16.0.4,1
2025-01-02 01:21:10,soufiane,192.168.50.21,1
2025-01-02 01:22:05,hamza,10.0.0.5,0
2025-01-02 01:22:21,hajar,198.51.100.66,0
2025-01-02 01:23:14,soufiane,185.220.101.1,0
2025-01-02 01:23:58,fatima,192.168.50.20,0
2025-01-02 01:24:39,ahmed,203.0.113.11,1
2025-01-02 01:25:11,aya,192.168.1.11,1
2025-01-02 01:26:35,anas,172.16.0.4,1
2025-01-02 01:27:00,omar,203.0.113.10,1
2025-01-02 01:27:41,hamza,10.0.0.8,1
2025-01-02 01:28:28,amine,172.16.0.3,1
2025-01-02 01:29:47,fatima,91.240.118.12,0
2025-01-02 01:30:20,karim,192.168.1.10,1